{"cameraMode":{"drawMode":0,"name":"Shaded","section":"Shading Mode"},"sceneLighting":false,"audioPlay":false,"sceneViewState":{"showFog":true,"showMaterialUpdate":false,"showSkybox":true,"showFlares":true,"showImageEffects":true,"showParticleSystems":true},"in2DMode":false,"pivot":{"x":4.120625972747803,"y":12.362964630126954,"z":-5.094368934631348},"rotation":{"x":-0.04528205469250679,"y":0.023071959614753724,"z":-0.0010461433557793499,"w":-0.9987072944641113},"size":18.93844223022461,"orthographic":false}