{"cameraMode":{"drawMode":0,"name":"Shaded","section":"Shading Mode"},"sceneLighting":false,"audioPlay":false,"sceneViewState":{"showFog":true,"showMaterialUpdate":false,"showSkybox":true,"showFlares":true,"showImageEffects":true,"showParticleSystems":true},"in2DMode":false,"pivot":{"x":0.0,"y":4.660761833190918,"z":-0.20053458213806153},"rotation":{"x":-0.08884403109550476,"y":0.5495480298995972,"z":-0.05892132595181465,"w":-0.828632652759552},"size":33.398155212402347,"orthographic":false}