{"cameraMode":{"drawMode":0,"name":"Shaded","section":"Shading Mode"},"sceneLighting":false,"audioPlay":false,"sceneViewState":{"showFog":true,"showMaterialUpdate":false,"showSkybox":true,"showFlares":true,"showImageEffects":true,"showParticleSystems":true},"in2DMode":false,"pivot":{"x":-0.09371709823608399,"y":4.793994426727295,"z":0.0},"rotation":{"x":-0.04528205469250679,"y":0.023071959614753724,"z":-0.0010461433557793499,"w":-0.9987072944641113},"size":35.76530075073242,"orthographic":false}