{"cameraMode":{"drawMode":0,"name":"Shaded","section":"Shading Mode"},"sceneLighting":false,"audioPlay":false,"sceneViewState":{"showFog":true,"showMaterialUpdate":false,"showSkybox":true,"showFlares":true,"showImageEffects":true,"showParticleSystems":true},"in2DMode":false,"pivot":{"x":4.1206254959106449,"y":12.362964630126954,"z":-5.139993190765381},"rotation":{"x":-0.2137754112482071,"y":0.08690626174211502,"z":-0.01909751258790493,"w":-0.9728220105171204},"size":18.938528060913087,"orthographic":false}