{"cameraMode":{"drawMode":0,"name":"Shaded","section":"Shading Mode"},"sceneLighting":false,"audioPlay":false,"sceneViewState":{"showFog":true,"showMaterialUpdate":false,"showSkybox":true,"showFlares":true,"showImageEffects":true,"showParticleSystems":true},"in2DMode":false,"pivot":{"x":4.1206254959106449,"y":12.362964630126954,"z":-5.139993190765381},"rotation":{"x":-0.04528205469250679,"y":0.023071959614753724,"z":-0.0010461433557793499,"w":-0.9987072944641113},"size":18.938528060913087,"orthographic":false}