{"cameraMode":{"drawMode":0,"name":"Shaded","section":"Shading Mode"},"sceneLighting":false,"audioPlay":false,"sceneViewState":{"showFog":true,"showMaterialUpdate":false,"showSkybox":true,"showFlares":true,"showImageEffects":true,"showParticleSystems":true},"in2DMode":false,"pivot":{"x":-2.6554832458496095,"y":7.240396976470947,"z":-3.010256290435791},"rotation":{"x":-0.08884403109550476,"y":0.5495480298995972,"z":-0.05892132595181465,"w":-0.828632652759552},"size":17.02897071838379,"orthographic":false}