{"cameraMode":{"drawMode":0,"name":"Shaded","section":"Shading Mode"},"sceneLighting":true,"audioPlay":false,"sceneViewState":{"showFog":true,"showMaterialUpdate":false,"showSkybox":true,"showFlares":true,"showImageEffects":true,"showParticleSystems":true},"in2DMode":false,"pivot":{"x":1084.06201171875,"y":537.900634765625,"z":93.47509765625},"rotation":{"x":-0.06616273522377014,"y":0.3533485531806946,"z":-0.0250623170286417,"w":-0.932812511920929},"size":2263.76953125,"orthographic":false}