{"cameraMode":{"drawMode":0,"name":"Shaded","section":"Shading Mode"},"sceneLighting":false,"audioPlay":false,"sceneViewState":{"showFog":true,"showMaterialUpdate":false,"showSkybox":true,"showFlares":true,"showImageEffects":true,"showParticleSystems":true},"in2DMode":false,"pivot":{"x":10.020000457763672,"y":0.46047669649124148,"z":-1.7703652381896973},"rotation":{"x":-0.04529368504881859,"y":0.0035941479727625849,"z":-0.00016276609676424414,"w":-0.9989672899246216},"size":6.430862903594971,"orthographic":false}