{"cameraMode":{"drawMode":0,"name":"Shaded","section":"Shading Mode"},"sceneLighting":true,"audioPlay":false,"sceneViewState":{"showFog":true,"showMaterialUpdate":false,"showSkybox":true,"showFlares":true,"showImageEffects":true,"showParticleSystems":true},"in2DMode":false,"pivot":{"x":4.3124589920043949,"y":3.0234899520874025,"z":6.817922592163086},"rotation":{"x":-0.02483406290411949,"y":-0.6867107152938843,"z":-0.023491304367780687,"w":0.7261265516281128},"size":7.17090368270874,"orthographic":false}