{"cameraMode":{"drawMode":0,"name":"Shaded","section":"Shading Mode"},"sceneLighting":false,"audioPlay":false,"sceneViewState":{"showFog":true,"showMaterialUpdate":false,"showSkybox":true,"showFlares":true,"showImageEffects":true,"showParticleSystems":true},"in2DMode":false,"pivot":{"x":10.020000457763672,"y":0.46047669649124148,"z":-1.7703652381896973},"rotation":{"x":-0.226803719997406,"y":0.36910903453826907,"z":-0.09339498728513718,"w":-0.8964352011680603},"size":6.430862903594971,"orthographic":false}