{"cameraMode":{"drawMode":0,"name":"Shaded","section":"Shading Mode"},"sceneLighting":false,"audioPlay":false,"sceneViewState":{"showFog":true,"showMaterialUpdate":false,"showSkybox":true,"showFlares":true,"showImageEffects":true,"showParticleSystems":true},"in2DMode":false,"pivot":{"x":-0.9786086082458496,"y":2.180000066757202,"z":-14.380000114440918},"rotation":{"x":-0.226803719997406,"y":0.36910903453826907,"z":-0.09339498728513718,"w":-0.8964352011680603},"size":6.430862903594971,"orthographic":false}