{"cameraMode":{"drawMode":0,"name":"Shaded","section":"Shading Mode"},"sceneLighting":false,"audioPlay":false,"sceneViewState":{"showFog":true,"showMaterialUpdate":false,"showSkybox":true,"showFlares":true,"showImageEffects":true,"showParticleSystems":true},"in2DMode":false,"pivot":{"x":1.481562852859497,"y":0.5499999523162842,"z":-2.780632257461548},"rotation":{"x":-0.04529368504881859,"y":0.0035941479727625849,"z":-0.00016276609676424414,"w":-0.9989672899246216},"size":6.430862903594971,"orthographic":false}