{"cameraMode":{"drawMode":0,"name":"Shaded","section":"Shading Mode"},"sceneLighting":false,"audioPlay":false,"sceneViewState":{"showFog":true,"showMaterialUpdate":false,"showSkybox":true,"showFlares":true,"showImageEffects":true,"showParticleSystems":true},"in2DMode":false,"pivot":{"x":-7.354444980621338,"y":0.5370121598243713,"z":4.425811290740967},"rotation":{"x":-0.32433420419692995,"y":0.003401858266443014,"z":-0.0011679335730150343,"w":-0.9459357857704163},"size":53.748592376708987,"orthographic":false}