{"cameraMode":{"drawMode":0,"name":"Shaded","section":"Shading Mode"},"sceneLighting":false,"audioPlay":false,"sceneViewState":{"showFog":true,"showMaterialUpdate":false,"showSkybox":true,"showFlares":true,"showImageEffects":true,"showParticleSystems":true},"in2DMode":false,"pivot":{"x":-2.4094512462615969,"y":7.719999313354492,"z":13.105070114135743},"rotation":{"x":-0.10506502538919449,"y":-0.030725602060556413,"z":0.0032480184454470875,"w":-0.9939852356910706},"size":17.028968811035158,"orthographic":false}