{"cameraMode":{"drawMode":0,"name":"Shaded","section":"Shading Mode"},"sceneLighting":false,"audioPlay":false,"sceneViewState":{"showFog":true,"showMaterialUpdate":false,"showSkybox":true,"showFlares":true,"showImageEffects":true,"showParticleSystems":true},"in2DMode":false,"pivot":{"x":3.947904586791992,"y":11.642082214355469,"z":-4.473294258117676},"rotation":{"x":-0.10506503283977509,"y":-0.03072560392320156,"z":0.003248018678277731,"w":-0.9939852952957153},"size":11.594974517822266,"orthographic":false}