{"cameraMode":{"drawMode":0,"name":"Shaded","section":"Shading Mode"},"sceneLighting":false,"audioPlay":false,"sceneViewState":{"showFog":true,"showMaterialUpdate":false,"showSkybox":true,"showFlares":true,"showImageEffects":true,"showParticleSystems":true},"in2DMode":false,"pivot":{"x":10.054837226867676,"y":0.42777109146118166,"z":-1.7803282737731934},"rotation":{"x":-0.15903331339359284,"y":-0.11464174836874008,"z":0.01860283687710762,"w":-0.9804180860519409},"size":21.549848556518556,"orthographic":false}