{"cameraMode":{"drawMode":0,"name":"Shaded","section":"Shading Mode"},"sceneLighting":true,"audioPlay":false,"sceneViewState":{"showFog":true,"showMaterialUpdate":false,"showSkybox":true,"showFlares":true,"showImageEffects":true,"showParticleSystems":true},"in2DMode":false,"pivot":{"x":-1.5905760526657105,"y":4.805633544921875,"z":5.718145370483398},"rotation":{"x":0.1893988847732544,"y":-0.13181506097316743,"z":0.02561899460852146,"w":0.9726749062538147},"size":17.467315673828126,"orthographic":false}