{"cameraMode":{"drawMode":0,"name":"Shaded","section":"Shading Mode"},"sceneLighting":false,"audioPlay":false,"sceneViewState":{"showFog":true,"showMaterialUpdate":false,"showSkybox":true,"showFlares":true,"showImageEffects":true,"showParticleSystems":true},"in2DMode":false,"pivot":{"x":-0.8679249286651611,"y":2.3936548233032228,"z":-14.584919929504395},"rotation":{"x":-0.33228498697280886,"y":0.054284315556287768,"z":-0.01915316842496395,"w":-0.94142085313797},"size":22.572044372558595,"orthographic":false}