{"cameraMode":{"drawMode":0,"name":"Shaded","section":"Shading Mode"},"sceneLighting":false,"audioPlay":false,"sceneViewState":{"showFog":true,"showMaterialUpdate":false,"showSkybox":true,"showFlares":true,"showImageEffects":true,"showParticleSystems":true},"in2DMode":false,"pivot":{"x":10.465947151184082,"y":0.3503410816192627,"z":-1.9067965745925904},"rotation":{"x":-0.33228498697280886,"y":0.054284315556287768,"z":-0.01915316842496395,"w":-0.94142085313797},"size":24.349634170532228,"orthographic":false}