{"cameraMode":{"drawMode":0,"name":"Shaded","section":"Shading Mode"},"sceneLighting":false,"audioPlay":false,"sceneViewState":{"showFog":true,"showMaterialUpdate":false,"showSkybox":true,"showFlares":true,"showImageEffects":true,"showParticleSystems":true},"in2DMode":false,"pivot":{"x":0.09397268295288086,"y":-1.2271084785461426,"z":-1.9835821390151978},"rotation":{"x":-0.181669220328331,"y":0.34503620862960818,"z":-0.06826512515544892,"w":-0.9183061718940735},"size":19.256486892700197,"orthographic":false}