{"cameraMode":{"drawMode":0,"name":"Shaded","section":"Shading Mode"},"sceneLighting":false,"audioPlay":false,"sceneViewState":{"showFog":true,"showMaterialUpdate":false,"showSkybox":true,"showFlares":true,"showImageEffects":true,"showParticleSystems":true},"in2DMode":false,"pivot":{"x":0.3404093384742737,"y":2.8711225986480715,"z":1.764216661453247},"rotation":{"x":-0.1264839619398117,"y":0.4708878695964813,"z":-0.06843451410531998,"w":-0.8703925013542175},"size":17.933677673339845,"orthographic":false}