{"cameraMode":{"drawMode":0,"name":"Shaded","section":"Shading Mode"},"sceneLighting":false,"audioPlay":false,"sceneViewState":{"showFog":true,"showMaterialUpdate":false,"showSkybox":true,"showFlares":true,"showImageEffects":true,"showParticleSystems":true},"in2DMode":false,"pivot":{"x":-1.260364055633545,"y":-0.07584762573242188,"z":-2.045816421508789},"rotation":{"x":0.21840736269950868,"y":-0.44121724367141726,"z":0.11163023114204407,"w":0.8632289171218872},"size":15.91145133972168,"orthographic":false}