{"cameraMode":{"drawMode":0,"name":"Shaded","section":"Shading Mode"},"sceneLighting":false,"audioPlay":false,"sceneViewState":{"showFog":true,"showMaterialUpdate":false,"showSkybox":true,"showFlares":true,"showImageEffects":true,"showParticleSystems":true},"in2DMode":false,"pivot":{"x":1.481562852859497,"y":0.5499999523162842,"z":-2.780632257461548},"rotation":{"x":0.002981975208967924,"y":0.9957173466682434,"z":-0.08565264195203781,"w":0.034665122628211978},"size":6.430862903594971,"orthographic":false}