{"cameraMode":{"drawMode":0,"name":"Shaded","section":"Shading Mode"},"sceneLighting":false,"audioPlay":false,"sceneViewState":{"showFog":true,"showMaterialUpdate":false,"showSkybox":true,"showFlares":true,"showImageEffects":true,"showParticleSystems":true},"in2DMode":false,"pivot":{"x":4.110653877258301,"y":8.59000015258789,"z":-5.1371307373046879},"rotation":{"x":-0.13454511761665345,"y":-0.34944918751716616,"z":0.05078195035457611,"w":-0.9258531928062439},"size":5.71506404876709,"orthographic":false}