{"cameraMode":{"drawMode":0,"name":"Shaded","section":"Shading Mode"},"sceneLighting":false,"audioPlay":false,"sceneViewState":{"showFog":true,"showMaterialUpdate":false,"showSkybox":true,"showFlares":true,"showImageEffects":true,"showParticleSystems":true},"in2DMode":false,"pivot":{"x":4.120625972747803,"y":12.362964630126954,"z":-5.267892360687256},"rotation":{"x":-0.2081257551908493,"y":0.2627025246620178,"z":-0.058130260556936267,"w":-0.9403679966926575},"size":18.97638702392578,"orthographic":false}