{"cameraMode":{"drawMode":0,"name":"Shaded","section":"Shading Mode"},"sceneLighting":false,"audioPlay":false,"sceneViewState":{"showFog":true,"showMaterialUpdate":false,"showSkybox":true,"showFlares":true,"showImageEffects":true,"showParticleSystems":true},"in2DMode":false,"pivot":{"x":-0.8679249286651611,"y":2.3936548233032228,"z":-14.584919929504395},"rotation":{"x":-0.19697239995002747,"y":0.019702276214957238,"z":-0.003959267400205135,"w":-0.9802030920982361},"size":22.572044372558595,"orthographic":false}