{"cameraMode":{"drawMode":0,"name":"Shaded","section":"Shading Mode"},"sceneLighting":false,"audioPlay":false,"sceneViewState":{"showFog":true,"showMaterialUpdate":false,"showSkybox":true,"showFlares":true,"showImageEffects":true,"showParticleSystems":true},"in2DMode":false,"pivot":{"x":10.465947151184082,"y":0.3503410816192627,"z":-1.9067965745925904},"rotation":{"x":-0.19697239995002747,"y":0.019702276214957238,"z":-0.003959267400205135,"w":-0.9802030920982361},"size":24.349634170532228,"orthographic":false}