{"cameraMode":{"drawMode":0,"name":"Shaded","section":"Shading Mode"},"sceneLighting":false,"audioPlay":false,"sceneViewState":{"showFog":true,"showMaterialUpdate":false,"showSkybox":true,"showFlares":true,"showImageEffects":true,"showParticleSystems":true},"in2DMode":false,"pivot":{"x":-0.7699999809265137,"y":1.8147377967834473,"z":3.2899999618530275},"rotation":{"x":-0.2081257551908493,"y":0.2627025246620178,"z":-0.058130260556936267,"w":-0.9403679966926575},"size":7.977444648742676,"orthographic":false}