{"cameraMode":{"drawMode":0,"name":"Shaded","section":"Shading Mode"},"sceneLighting":false,"audioPlay":false,"sceneViewState":{"showFog":true,"showMaterialUpdate":false,"showSkybox":true,"showFlares":true,"showImageEffects":true,"showParticleSystems":true},"in2DMode":false,"pivot":{"x":0.0,"y":3.278594493865967,"z":-0.09371709823608399},"rotation":{"x":-0.04078855738043785,"y":-0.02188277244567871,"z":0.0008934852667152882,"w":-0.9989277720451355},"size":33.93516540527344,"orthographic":false}