{"cameraMode":{"drawMode":0,"name":"Shaded","section":"Shading Mode"},"sceneLighting":false,"audioPlay":false,"sceneViewState":{"showFog":true,"showMaterialUpdate":false,"showSkybox":true,"showFlares":true,"showImageEffects":true,"showParticleSystems":true},"in2DMode":false,"pivot":{"x":0.7730207443237305,"y":0.338029682636261,"z":-12.421030044555664},"rotation":{"x":0.2640196681022644,"y":-0.14432232081890107,"z":0.03997866064310074,"w":0.9528202414512634},"size":21.49688720703125,"orthographic":false}