{"cameraMode":{"drawMode":0,"name":"Shaded","section":"Shading Mode"},"sceneLighting":false,"audioPlay":false,"sceneViewState":{"showFog":true,"showMaterialUpdate":false,"showSkybox":true,"showFlares":true,"showImageEffects":true,"showParticleSystems":true},"in2DMode":false,"pivot":{"x":3.2568886280059816,"y":0.07091377675533295,"z":-2.656066417694092},"rotation":{"x":-0.2643831670284271,"y":0.09154336899518967,"z":-0.025218818336725236,"w":-0.959731936454773},"size":13.564306259155274,"orthographic":false}