{"cameraMode":{"drawMode":0,"name":"Shaded","section":"Shading Mode"},"sceneLighting":false,"audioPlay":false,"sceneViewState":{"showFog":true,"showMaterialUpdate":false,"showSkybox":true,"showFlares":true,"showImageEffects":true,"showParticleSystems":true},"in2DMode":false,"pivot":{"x":10.465947151184082,"y":0.3503410816192627,"z":-1.9067965745925904},"rotation":{"x":-0.2643831670284271,"y":0.09154336899518967,"z":-0.025218818336725236,"w":-0.959731936454773},"size":24.349634170532228,"orthographic":false}