{"cameraMode":{"drawMode":0,"name":"Shaded","section":"Shading Mode"},"sceneLighting":true,"audioPlay":false,"sceneViewState":{"showFog":true,"showMaterialUpdate":false,"showSkybox":true,"showFlares":true,"showImageEffects":true,"showParticleSystems":true},"in2DMode":false,"pivot":{"x":-14.93841552734375,"y":2.966830253601074,"z":-4.948505401611328},"rotation":{"x":-0.04620078206062317,"y":-0.4638095796108246,"z":-0.02422741800546646,"w":0.8843976259231567},"size":34.428688049316409,"orthographic":false}