{"cameraMode":{"drawMode":0,"name":"Shaded","section":"Shading Mode"},"sceneLighting":false,"audioPlay":false,"sceneViewState":{"showFog":true,"showMaterialUpdate":false,"showSkybox":true,"showFlares":true,"showImageEffects":true,"showParticleSystems":true},"in2DMode":false,"pivot":{"x":-0.8679249286651611,"y":2.3936548233032228,"z":-14.584919929504395},"rotation":{"x":-0.2643831670284271,"y":0.09154336899518967,"z":-0.025218818336725236,"w":-0.959731936454773},"size":22.572044372558595,"orthographic":false}