{"cameraMode":{"drawMode":0,"name":"Shaded","section":"Shading Mode"},"sceneLighting":false,"audioPlay":false,"sceneViewState":{"showFog":true,"showMaterialUpdate":false,"showSkybox":true,"showFlares":true,"showImageEffects":true,"showParticleSystems":true},"in2DMode":false,"pivot":{"x":14.560001373291016,"y":1.190000057220459,"z":-0.24969616532325746},"rotation":{"x":-0.2639114260673523,"y":-0.03992151468992233,"z":0.010932914912700653,"w":-0.9636583924293518},"size":8.865087509155274,"orthographic":false}