{"cameraMode":{"drawMode":0,"name":"Shaded","section":"Shading Mode"},"sceneLighting":false,"audioPlay":false,"sceneViewState":{"showFog":true,"showMaterialUpdate":false,"showSkybox":true,"showFlares":true,"showImageEffects":true,"showParticleSystems":true},"in2DMode":false,"pivot":{"x":0.6600000858306885,"y":0.46000003814697268,"z":-12.569999694824219},"rotation":{"x":-0.2639114260673523,"y":-0.03992151468992233,"z":0.010932914912700653,"w":-0.9636583924293518},"size":13.050773620605469,"orthographic":false}