{"cameraMode":{"drawMode":0,"name":"Shaded","section":"Shading Mode"},"sceneLighting":false,"audioPlay":false,"sceneViewState":{"showFog":true,"showMaterialUpdate":false,"showSkybox":true,"showFlares":true,"showImageEffects":true,"showParticleSystems":true},"in2DMode":false,"pivot":{"x":-2.069999933242798,"y":-0.296999990940094,"z":-8.470000267028809},"rotation":{"x":-0.03614687919616699,"y":-0.9456524848937988,"z":0.11288437247276306,"w":-0.30280667543411257},"size":11.971264839172364,"orthographic":false}