{"cameraMode":{"drawMode":0,"name":"Shaded","section":"Shading Mode"},"sceneLighting":false,"audioPlay":false,"sceneViewState":{"showFog":true,"showMaterialUpdate":false,"showSkybox":true,"showFlares":true,"showImageEffects":true,"showParticleSystems":true},"in2DMode":false,"pivot":{"x":1.481562852859497,"y":0.5499999523162842,"z":-2.780632257461548},"rotation":{"x":-0.2639114260673523,"y":-0.03992151468992233,"z":0.010932914912700653,"w":-0.9636583924293518},"size":4.756416320800781,"orthographic":false}