{"cameraMode":{"drawMode":0,"name":"Shaded","section":"Shading Mode"},"sceneLighting":false,"audioPlay":false,"sceneViewState":{"showFog":true,"showMaterialUpdate":false,"showSkybox":true,"showFlares":true,"showImageEffects":true,"showParticleSystems":true},"in2DMode":false,"pivot":{"x":10.671846389770508,"y":-0.3258957862854004,"z":-7.771997451782227},"rotation":{"x":0.00018933981482405216,"y":0.9992160201072693,"z":-0.03929901495575905,"w":0.004797081463038921},"size":16.202816009521486,"orthographic":false}