{"cameraMode":{"drawMode":0,"name":"Shaded","section":"Shading Mode"},"sceneLighting":false,"audioPlay":false,"sceneViewState":{"showFog":true,"showMaterialUpdate":false,"showSkybox":true,"showFlares":true,"showImageEffects":true,"showParticleSystems":true},"in2DMode":false,"pivot":{"x":4.017444610595703,"y":-0.18042278289794923,"z":-1.6548378467559815},"rotation":{"x":-0.19261930882930757,"y":0.6479893922805786,"z":-0.17433054745197297,"w":-0.715972363948822},"size":5.671823978424072,"orthographic":false}