{"cameraMode":{"drawMode":0,"name":"Shaded","section":"Shading Mode"},"sceneLighting":false,"audioPlay":false,"sceneViewState":{"showFog":true,"showMaterialUpdate":false,"showSkybox":true,"showFlares":true,"showImageEffects":true,"showParticleSystems":true},"in2DMode":false,"pivot":{"x":-0.2800006866455078,"y":6.390000343322754,"z":-8.489999771118164},"rotation":{"x":-0.45215943455696108,"y":0.30300551652908327,"z":-0.16664043068885804,"w":-0.8221742510795593},"size":85.9693374633789,"orthographic":false}