{"cameraMode":{"drawMode":0,"name":"Shaded","section":"Shading Mode"},"sceneLighting":false,"audioPlay":false,"sceneViewState":{"showFog":true,"showMaterialUpdate":false,"showSkybox":true,"showFlares":true,"showImageEffects":true,"showParticleSystems":true},"in2DMode":false,"pivot":{"x":10.020000457763672,"y":0.46047669649124148,"z":-1.7703652381896973},"rotation":{"x":-0.45215943455696108,"y":0.30300551652908327,"z":-0.16664043068885804,"w":-0.8221742510795593},"size":6.430862903594971,"orthographic":false}