{"cameraMode":{"drawMode":0,"name":"Shaded","section":"Shading Mode"},"sceneLighting":false,"audioPlay":false,"sceneViewState":{"showFog":true,"showMaterialUpdate":false,"showSkybox":true,"showFlares":true,"showImageEffects":true,"showParticleSystems":true},"in2DMode":false,"pivot":{"x":9.322725296020508,"y":13.074836730957032,"z":20.684104919433595},"rotation":{"x":0.41984596848487856,"y":-0.1935192346572876,"z":0.09212613105773926,"w":0.8819254040718079},"size":122.97720336914063,"orthographic":false}