{"cameraMode":{"drawMode":0,"name":"Shaded","section":"Shading Mode"},"sceneLighting":false,"audioPlay":false,"sceneViewState":{"showFog":true,"showMaterialUpdate":false,"showSkybox":true,"showFlares":true,"showImageEffects":true,"showParticleSystems":true},"in2DMode":false,"pivot":{"x":1.481562852859497,"y":0.5499999523162842,"z":-2.780632257461548},"rotation":{"x":0.022272244095802308,"y":0.958482027053833,"z":-0.27334409952163699,"w":0.07809765636920929},"size":9.520244598388672,"orthographic":false}